dataset,model,subset,regime,f1_estimate,f1_mean,f1_ci.low,f1_ci.high,recall_estimate,recall_mean,recall_ci.low,recall_ci.high,precision_estimate,precision_mean,precision_ci.low,precision_ci.high
semeval,DeBERTa,target,zero-shot,0.589843451,0.589414507,0.530827386,0.648282724,0.625368732,0.625043068,0.572271386,0.678466077,0.620860825,0.621802802,0.562278581,0.680193986
semeval,DeBERTa,stance,zero-shot,0.59515454,0.594829907,0.540281603,0.647570137,0.598820059,0.598491445,0.545722714,0.648967552,0.677120228,0.678648918,0.62596176,0.728766548
semeval,DeBERTa,joint,zero-shot,0.436436851,0.435925685,0.38038231,0.489424551,0.427728614,0.427543658,0.374631268,0.480825959,0.535954086,0.539032976,0.474561874,0.601046847
semeval,Flan-T5,target,zero-shot,0,0,0,0,0,0,0,0,0,0,0,0
semeval,Flan-T5,stance,zero-shot,0.566841336,0.567405247,0.50822623,0.62592457,0.607669617,0.608139823,0.557522124,0.657890855,0.632611459,0.635249949,0.56623778,0.699638235
semeval,Flan-T5,joint,zero-shot,0,0,0,0,0,0,0,0,0,0,0,0
semeval,Mistral-7B,target,zero-shot,0.760970812,0.761190818,0.717371444,0.803439526,0.699115044,0.699687611,0.651917404,0.746312684,0.851055186,0.852014208,0.815223894,0.886425654
semeval,Mistral-7B,stance,zero-shot,0.633752106,0.634039551,0.58022103,0.686978645,0.643067847,0.643378761,0.592920354,0.693215339,0.663207546,0.665612564,0.611905804,0.716615015
semeval,Mistral-7B,joint,zero-shot,0.477135323,0.477513107,0.4227671,0.532927523,0.483775811,0.483920649,0.430678466,0.536873156,0.545545116,0.548910101,0.471183403,0.6289937
semeval,Gemma-7B,target,zero-shot,0.734218185,0.734142839,0.687916086,0.778265651,0.654867257,0.65529705,0.604719764,0.705014749,0.868574172,0.869275178,0.83572165,0.900241895
semeval,Gemma-7B,stance,zero-shot,0.593556206,0.593694269,0.537820688,0.649580476,0.595870206,0.596120059,0.542772861,0.648967552,0.62969073,0.632100006,0.572560972,0.687927825
semeval,Gemma-7B,joint,zero-shot,0.453831725,0.453819615,0.400312686,0.507132857,0.445427729,0.44520118,0.392330383,0.498525074,0.655899213,0.601022878,0.45455498,0.701651036
semeval,Llama3-8B,target,zero-shot,0.694636733,0.694556665,0.644045537,0.74342436,0.675516224,0.67569882,0.625368732,0.722713864,0.827690742,0.82845032,0.801197898,0.851919275
semeval,Llama3-8B,stance,zero-shot,0.589363168,0.589562544,0.52989224,0.648076793,0.622418879,0.622733628,0.572271386,0.675516224,0.67095133,0.672870214,0.608355838,0.731707586
semeval,Llama3-8B,joint,zero-shot,0.428458697,0.42826586,0.374182842,0.482139745,0.439528024,0.439546903,0.386430678,0.492625369,0.543638658,0.547247193,0.471750715,0.62413497
semeval,Llama3-70B,target,zero-shot,0.773294148,0.773081851,0.72979872,0.814315087,0.702064897,0.702067257,0.651917404,0.749262537,0.860824446,0.861706612,0.821378048,0.898854093
semeval,Llama3-70B,stance,zero-shot,0.642792045,0.642775291,0.5885076,0.696268298,0.660766962,0.660743953,0.610619469,0.710914454,0.680002322,0.682017929,0.628818686,0.733093421
semeval,Llama3-70B,joint,zero-shot,0.522803711,0.52304202,0.467758243,0.578086291,0.525073746,0.52520885,0.471976401,0.578171091,0.561901752,0.564736839,0.494134188,0.637215499
semeval,Gemini-1.5,target,zero-shot,0.76918357,0.768686116,0.725416498,0.809517038,0.660766962,0.660681416,0.610619469,0.710914454,0.942470501,0.942995102,0.910097449,0.972836921
semeval,Gemini-1.5,stance,zero-shot,0.75032284,0.750277878,0.703906896,0.795091915,0.749262537,0.749098525,0.702064897,0.793510324,0.776165745,0.777775246,0.735208956,0.818419467
semeval,Gemini-1.5,joint,zero-shot,0.5689612,0.568011249,0.514158572,0.62110924,0.525073746,0.524630678,0.471976401,0.578171091,0.678021457,0.68006297,0.598259414,0.788725342
semeval,GPT-4o,target,zero-shot,0.750911684,0.750080602,0.706447798,0.792303682,0.631268437,0.630964602,0.578171091,0.684365782,0.935154629,0.935496718,0.902257896,0.966223708
semeval,GPT-4o,stance,zero-shot,0.721032182,0.720784357,0.672453489,0.768076648,0.719764012,0.719348083,0.672566372,0.766961652,0.776212337,0.777740017,0.736658738,0.815348221
semeval,GPT-4o,joint,zero-shot,0.525154167,0.524940098,0.470329235,0.578466439,0.477876106,0.478051327,0.424778761,0.530973451,0.624787126,0.627526657,0.562583015,0.692803699
semeval,Flan-T5,target,one-shot,0.005817765,0.005783687,0,0.01734979,0.002949853,0.002952212,0,0.008849558,0.209439528,0.182469892,0,0.454277286
semeval,Flan-T5,stance,one-shot,0.582846089,0.582328417,0.523607477,0.641170742,0.625368732,0.625044838,0.575221239,0.675516224,0.64653143,0.648100958,0.580386674,0.709509942
semeval,Flan-T5,joint,one-shot,0.005478298,0.005264155,0,0.016090105,0.002949853,0.002923894,0,0.008849558,0.038348083,0.033768109,0,0.097345133
semeval,Mistral-7B,target,one-shot,0.769508688,0.769105693,0.722875611,0.813249419,0.719764012,0.71959056,0.669616519,0.766961652,0.841953143,0.842608439,0.799146879,0.883856376
semeval,Mistral-7B,stance,one-shot,0.624280692,0.624405009,0.570176491,0.677569038,0.634218289,0.634336873,0.584070796,0.684365782,0.636681519,0.638860845,0.584193952,0.692719676
semeval,Mistral-7B,joint,one-shot,0.523027927,0.523072276,0.466186974,0.580174746,0.519174041,0.51919941,0.466076696,0.572271386,0.577363047,0.581158073,0.501027452,0.664456987
semeval,Gemma-7B,target,one-shot,0.660537282,0.659635129,0.610501371,0.707047531,0.513274336,0.513104425,0.460176991,0.566371681,0.926406643,0.926776567,0.890722454,0.959958721
semeval,Gemma-7B,stance,one-shot,0.565981081,0.565796635,0.512348859,0.619034311,0.545722714,0.545719469,0.492625369,0.598820059,0.619869245,0.621930475,0.564995063,0.677932324
semeval,Gemma-7B,joint,one-shot,0.380606273,0.379570975,0.32579749,0.433304759,0.294985251,0.295152802,0.247787611,0.345132743,0.571253451,0.574082159,0.50344766,0.644131958
semeval,Llama3-8B,target,one-shot,0.76062555,0.76060846,0.715584079,0.804373662,0.713864307,0.714115339,0.666666667,0.761061947,0.865982605,0.86678723,0.842328702,0.890837808
semeval,Llama3-8B,stance,one-shot,0.628567286,0.62891343,0.568928793,0.688803527,0.666666667,0.667045428,0.616519174,0.716814159,0.730374682,0.732298234,0.67599371,0.779376103
semeval,Llama3-8B,joint,one-shot,0.491796111,0.492089612,0.438929372,0.546393038,0.513274336,0.513269912,0.460176991,0.566371681,0.605869441,0.596917666,0.486676166,0.719947199
semeval,Llama3-70B,target,one-shot,0.779257358,0.779092275,0.73467017,0.820729261,0.725663717,0.725746018,0.678466077,0.772861357,0.84354452,0.844377486,0.800111803,0.88462586
semeval,Llama3-70B,stance,one-shot,0.681645129,0.681317531,0.627284003,0.73329056,0.696165192,0.695865487,0.646017699,0.743362832,0.70560612,0.707270356,0.655295577,0.756479841
semeval,Llama3-70B,joint,one-shot,0.536345232,0.536173541,0.477498361,0.594895222,0.557522124,0.557227139,0.504424779,0.610619469,0.591351257,0.594554271,0.498938363,0.688261306
semeval,Gemini-1.5,target,one-shot,0.754923317,0.753978639,0.710413409,0.794536545,0.628318584,0.627952507,0.575221239,0.678466077,0.954756569,0.95471891,0.925027579,0.980683241
semeval,Gemini-1.5,stance,one-shot,0.730633233,0.730677617,0.681759556,0.778138228,0.731563422,0.731490265,0.684365782,0.778761062,0.772376847,0.774008126,0.730405876,0.814187292
semeval,Gemini-1.5,joint,one-shot,0.540015038,0.539924534,0.486074401,0.593001031,0.489675516,0.490070206,0.436578171,0.542772861,0.670898819,0.673780215,0.589787149,0.76256057
semeval,GPT-4o,target,one-shot,0.756628631,0.75587611,0.712577009,0.797511506,0.637168142,0.636873451,0.584070796,0.687315634,0.940380129,0.940704092,0.908218587,0.97024761
semeval,GPT-4o,stance,one-shot,0.731415073,0.731454927,0.683708603,0.776993921,0.731563422,0.731526254,0.684365782,0.775811209,0.786924987,0.788494707,0.749449668,0.823359505
semeval,GPT-4o,joint,one-shot,0.532634515,0.532912094,0.477501602,0.586766163,0.486725664,0.487425369,0.433628319,0.539823009,0.633067434,0.635896642,0.574090689,0.697601608
semeval,BERT,target,10,0.459934577,0.459806023,0.400951303,0.518106436,0.501474926,0.501319764,0.448377581,0.554572271,0.595202377,0.596963645,0.527130427,0.665223115
semeval,BERT,stance,10,0.238832692,0.239053521,0.190287757,0.287479137,0.294985251,0.295351327,0.247787611,0.342182891,0.313659713,0.314817424,0.24523252,0.387517235
semeval,BERT,joint,10,0.136661893,0.136812953,0.100001177,0.177142544,0.212389381,0.212284956,0.168141593,0.256637168,0.147281452,0.148035973,0.102440464,0.20159512
semeval,BERT,target,100,0.427167261,0.427532664,0.364927507,0.492263293,0.581120944,0.581121534,0.528023599,0.634218289,0.337701552,0.338422751,0.278808921,0.402232838
semeval,BERT,stance,100,0.361559485,0.361703114,0.302670237,0.423631903,0.525073746,0.524836578,0.471976401,0.578171091,0.275702439,0.276186011,0.222761723,0.334281811
semeval,BERT,joint,100,0.177107592,0.177741598,0.134389636,0.223964277,0.345132743,0.345227139,0.294985251,0.395280236,0.119116611,0.119850461,0.087016298,0.156246465
semeval,BERT,target,all,0.848969713,0.849122171,0.81022501,0.886701328,0.849557522,0.849726844,0.81120944,0.887905605,0.849127898,0.850078513,0.810923657,0.887610214
semeval,BERT,stance,all,0.651640264,0.65174103,0.6010634,0.70229213,0.651917404,0.652040708,0.601769912,0.702064897,0.651818307,0.653940451,0.602756036,0.705186162
semeval,BERT,joint,all,0.597965095,0.597533714,0.54476039,0.649481816,0.595870206,0.595396755,0.542772861,0.646017699,0.613169664,0.616857292,0.563270912,0.670129823
semeval,SBERT,target,10,0.49826748,0.498355371,0.434669891,0.561079844,0.587020649,0.587129204,0.533923304,0.637168142,0.567561169,0.568666505,0.486422464,0.649394988
semeval,SBERT,stance,10,0.388745735,0.388853133,0.329298917,0.450948693,0.504424779,0.50449174,0.451327434,0.557522124,0.362006659,0.363383139,0.29803851,0.431994293
semeval,SBERT,joint,10,0.212730634,0.212623767,0.16542439,0.262522236,0.342182891,0.341821534,0.292035398,0.392330383,0.281923392,0.278232643,0.142661472,0.379941976
semeval,SBERT,target,100,0.427167261,0.42748451,0.364927507,0.492263293,0.581120944,0.581083481,0.528023599,0.634218289,0.337701552,0.338372641,0.278808921,0.402232838
semeval,SBERT,stance,100,0.361559485,0.362119233,0.302670237,0.423631903,0.525073746,0.52520059,0.471976401,0.578171091,0.275702439,0.276570888,0.222761723,0.334281811
semeval,SBERT,joint,100,0.177107592,0.177881115,0.134389636,0.223964277,0.345132743,0.345384956,0.294985251,0.395280236,0.119116611,0.119957775,0.087016298,0.156246465
semeval,SBERT,target,all,0.873217496,0.873038764,0.835409599,0.908515596,0.873156342,0.872977581,0.83480826,0.908554572,0.87329411,0.873782313,0.836940104,0.908717491
semeval,SBERT,stance,all,0.717083536,0.71663267,0.669372019,0.76317609,0.716814159,0.716316224,0.669616519,0.764011799,0.719810735,0.721132942,0.673903544,0.767264394
semeval,SBERT,joint,all,0.650959674,0.651164136,0.598021699,0.70164716,0.651917404,0.652072566,0.598820059,0.702064897,0.656226044,0.660332312,0.60767158,0.711682718
semeval,DeBERTa,target,10,0.247321522,0.248125342,0.195926273,0.302670237,0.418879056,0.419178761,0.365781711,0.471976401,0.175459664,0.176427864,0.13379626,0.222761723
semeval,DeBERTa,stance,10,0.361559485,0.361689717,0.29949888,0.423631903,0.525073746,0.524809735,0.469026549,0.578171091,0.275702439,0.276188367,0.219985903,0.334281811
semeval,DeBERTa,joint,10,0.054882006,0.055384831,0.035123825,0.080159036,0.179941003,0.179892625,0.14159292,0.221238938,0.032378765,0.032797071,0.020048555,0.048946668
semeval,DeBERTa,target,100,0.427167261,0.427343874,0.364927507,0.492263293,0.581120944,0.580966077,0.528023599,0.634218289,0.337701552,0.338236475,0.278808921,0.402232838
semeval,DeBERTa,stance,100,0.361559485,0.362185195,0.302670237,0.423631903,0.525073746,0.525256342,0.471976401,0.578171091,0.275702439,0.276634143,0.222761723,0.334281811
semeval,DeBERTa,joint,100,0.177107592,0.17711974,0.134389636,0.223964277,0.345132743,0.344537758,0.294985251,0.395280236,0.119116611,0.11936713,0.087016298,0.156246465
semeval,DeBERTa,target,all,0.867190138,0.866981526,0.829007733,0.902729376,0.867256637,0.867051032,0.828908555,0.902654867,0.867139036,0.867609629,0.829888889,0.903246468
semeval,DeBERTa,stance,all,0.66022711,0.660291423,0.60723779,0.712565104,0.672566372,0.672713569,0.622418879,0.722713864,0.666213524,0.668288546,0.615065502,0.720465309
semeval,DeBERTa,joint,all,0.572338642,0.57211367,0.515538151,0.628565477,0.595870206,0.595617404,0.542772861,0.648967552,0.605382472,0.609283224,0.544266151,0.670622174
semeval,Flan-T5,target,10,0.247321522,0.248011275,0.195926273,0.302670237,0.418879056,0.419066077,0.365781711,0.471976401,0.175459664,0.176331927,0.13379626,0.222761723
semeval,Flan-T5,stance,10,0.072537593,0.073245271,0.048404398,0.102668749,0.209439528,0.209684071,0.168141593,0.253687316,0.043864916,0.044456664,0.028271595,0.064357254
semeval,Flan-T5,joint,10,0.010926577,0.011207281,0.004789367,0.020389381,0.076696165,0.076516519,0.050147493,0.10619469,0.005882302,0.00606105,0.002514771,0.011277312
semeval,Flan-T5,target,100,0.427167261,0.427066054,0.364927507,0.488576656,0.581120944,0.580733628,0.528023599,0.631268437,0.337701552,0.337968308,0.278808921,0.398499839
semeval,Flan-T5,stance,100,0.361559485,0.361313986,0.302670237,0.423631903,0.525073746,0.52449528,0.471976401,0.578171091,0.275702439,0.275828036,0.222761723,0.334281811
semeval,Flan-T5,joint,100,0.177107592,0.177392379,0.134389636,0.223964277,0.345132743,0.344833333,0.294985251,0.395280236,0.119116611,0.119581797,0.087016298,0.156246465
semeval,Flan-T5,target,all,0.766521194,0.766453595,0.717804981,0.812843648,0.775811209,0.775869617,0.731563422,0.820058997,0.786934169,0.78810985,0.744676042,0.829117707
semeval,Flan-T5,stance,all,0.528786739,0.529112754,0.470877327,0.587317741,0.607669617,0.607941003,0.554572271,0.657817109,0.497879246,0.499241563,0.439740037,0.558367044
semeval,Flan-T5,joint,all,0.407864614,0.408287372,0.35076507,0.466459087,0.489675516,0.489883776,0.436578171,0.542772861,0.377138914,0.380289431,0.32152799,0.439819249
semeval,Mistral-7B,target,10,0.447363853,0.447364686,0.387758582,0.50647397,0.492625369,0.492692625,0.439528024,0.545722714,0.585318139,0.586631365,0.51331609,0.657863912
semeval,Mistral-7B,stance,10,0.281062456,0.280863913,0.231560555,0.331607842,0.286135693,0.285770501,0.238938053,0.336283186,0.352276737,0.354173238,0.287677281,0.424593768
semeval,Mistral-7B,joint,10,0.154812333,0.154981481,0.115622624,0.196628555,0.17699115,0.177154572,0.138643068,0.218289086,0.229821994,0.23177985,0.15318679,0.330965584
semeval,Mistral-7B,target,100,0.467639705,0.468872051,0.404374676,0.535345358,0.572271386,0.573146018,0.519174041,0.625368732,0.520495549,0.52346819,0.430116031,0.618373367
semeval,Mistral-7B,stance,100,0.484434318,0.484040596,0.429350886,0.540024171,0.501474926,0.501160472,0.448377581,0.554572271,0.477419469,0.479090174,0.422510104,0.53640592
semeval,Mistral-7B,joint,100,0.262367388,0.262250639,0.213243827,0.312376338,0.330383481,0.329962242,0.280235988,0.380530973,0.271346001,0.273725528,0.199113658,0.363655596
semeval,Mistral-7B,target,all,0.816922441,0.816871152,0.77496281,0.857789532,0.817109145,0.817051917,0.775811209,0.85840708,0.816793618,0.817661794,0.77535086,0.858252742
semeval,Mistral-7B,stance,all,0.638127004,0.638052333,0.586977601,0.689120183,0.637168142,0.637102655,0.587020649,0.687315634,0.640210466,0.642172987,0.590820019,0.693632423
semeval,Mistral-7B,joint,all,0.561272891,0.561109178,0.50786141,0.615238185,0.557522124,0.557346018,0.504424779,0.610619469,0.56683831,0.570802508,0.515465498,0.626094181
semeval,Gemma-7B,target,10,0.528927049,0.52896747,0.474420381,0.583024636,0.539823009,0.539797935,0.486725664,0.592920354,0.526300144,0.527728733,0.472994682,0.582408169
semeval,Gemma-7B,stance,10,0.366952541,0.367002627,0.314939258,0.420750237,0.365781711,0.365883776,0.315634218,0.418879056,0.386227611,0.388072795,0.328491548,0.448336068
semeval,Gemma-7B,joint,10,0.200182878,0.200132649,0.156717417,0.245827188,0.206489676,0.206584661,0.162241888,0.250737463,0.209377957,0.211449646,0.161019393,0.264431254
semeval,Gemma-7B,target,100,0.445627643,0.445801626,0.381848775,0.510757286,0.578171091,0.578151917,0.525073746,0.631268437,0.5242752,0.525449548,0.373752978,0.679532969
semeval,Gemma-7B,stance,100,0.511843555,0.511524987,0.453316575,0.568259109,0.539823009,0.539666667,0.486725664,0.592920354,0.513241778,0.515111982,0.455598369,0.573430742
semeval,Gemma-7B,joint,100,0.268505436,0.268338144,0.218082757,0.319915182,0.356932153,0.356721239,0.306784661,0.407079646,0.28060472,0.282479785,0.207621749,0.360040916
semeval,Gemma-7B,target,all,0.891007186,0.891309142,0.858212164,0.923303835,0.890855457,0.891160472,0.85840708,0.923303835,0.891300609,0.892166157,0.858629679,0.923303835
semeval,Gemma-7B,stance,all,0.782191875,0.782120303,0.736916526,0.82578344,0.781710914,0.78159056,0.737463127,0.825958702,0.784866317,0.786315731,0.740770287,0.828809301
semeval,Gemma-7B,joint,all,0.717653091,0.718013266,0.670156852,0.764561087,0.713864307,0.71409351,0.666666667,0.761061947,0.72604058,0.729686836,0.68208125,0.775761003
semeval,Llama3-8B,target,10,0.580601948,0.58075449,0.527138061,0.635808275,0.587020649,0.587211799,0.533923304,0.640117994,0.579115987,0.580688664,0.526309138,0.635859532
semeval,Llama3-8B,stance,10,0.445984816,0.446010964,0.392615769,0.499350791,0.448377581,0.448415929,0.398230088,0.501474926,0.444897535,0.446892113,0.39052035,0.50339759
semeval,Llama3-8B,joint,10,0.252783325,0.25316455,0.206451661,0.300880307,0.297935103,0.29789528,0.250737463,0.34520649,0.225262645,0.227225358,0.179770986,0.277373291
semeval,Llama3-8B,target,100,0.440402668,0.440245524,0.378271532,0.504835261,0.587020649,0.586723599,0.533923304,0.637168142,0.758584771,0.703769173,0.314128836,0.769612116
semeval,Llama3-8B,stance,100,0.548369544,0.548337463,0.489736505,0.604332264,0.575221239,0.57540531,0.522123894,0.628318584,0.565897868,0.568241522,0.508350294,0.625736143
semeval,Llama3-8B,joint,100,0.275331445,0.275840656,0.226175128,0.328932155,0.371681416,0.371712094,0.321533923,0.424778761,0.315262464,0.306866135,0.191859381,0.438956245
semeval,Llama3-8B,target,all,0.844231601,0.84415202,0.804968433,0.882117829,0.843657817,0.843564897,0.805309735,0.8820059,0.846001447,0.846704296,0.807863533,0.883698907
semeval,Llama3-8B,stance,all,0.752468429,0.752481538,0.705565891,0.796846713,0.752212389,0.752174926,0.705014749,0.796460177,0.756383613,0.758047149,0.711705402,0.802461832
semeval,Llama3-8B,joint,all,0.667919595,0.667760002,0.616662388,0.717488666,0.663716814,0.663454277,0.610619469,0.713864307,0.677527247,0.681016959,0.631059457,0.730028691
semeval,Llama3-70B,target,10,0.562592767,0.562636145,0.510127316,0.614150082,0.560471976,0.560489381,0.507374631,0.613569322,0.566339825,0.567861706,0.513863681,0.62116492
semeval,Llama3-70B,stance,10,0.365877395,0.365820425,0.314534379,0.418983656,0.395280236,0.39499705,0.345132743,0.448377581,0.356274599,0.357581711,0.295276925,0.425171271
semeval,Llama3-70B,joint,10,0.219427616,0.219692337,0.173604279,0.266944232,0.265486726,0.265669027,0.218289086,0.312684366,0.223192577,0.225729498,0.165088282,0.291867642
semeval,Llama3-70B,target,100,0.437485853,0.438272438,0.376584964,0.50389995,0.581120944,0.581507965,0.530973451,0.634218289,0.547703958,0.547348761,0.315984349,0.762361287
semeval,Llama3-70B,stance,100,0.496819492,0.496833379,0.436121775,0.556469216,0.554572271,0.554889381,0.501474926,0.604719764,0.53879812,0.541296887,0.469897789,0.610015143
semeval,Llama3-70B,joint,100,0.246742231,0.246483385,0.196747679,0.298946465,0.353982301,0.353756342,0.303834808,0.404129794,0.386145791,0.36296669,0.185451356,0.438978174
semeval,Llama3-70B,target,all,0.813433175,0.813853789,0.771151302,0.855120432,0.814159292,0.814584071,0.772861357,0.855457227,0.813419258,0.81474382,0.771900843,0.855606568
semeval,Llama3-70B,stance,all,0.7254858,0.725512193,0.677532581,0.772803734,0.725663717,0.725709145,0.678466077,0.772861357,0.725382986,0.727225329,0.679371017,0.774946293
semeval,Llama3-70B,joint,all,0.615044334,0.614766473,0.561389501,0.666678991,0.613569322,0.61330059,0.560471976,0.663716814,0.623293249,0.62693374,0.571716836,0.680200853
fb,DeBERTa,clinton,zero-shot,0.436107518,0.435863184,0.383135699,0.487932325,0.4275,0.427308,0.38,0.475,0.690608326,0.69212771,0.639674431,0.740150666
fb,DeBERTa,trump,zero-shot,0.684598485,0.684871552,0.641614844,0.728899279,0.67,0.670194,0.625,0.7175,0.73187179,0.733306776,0.688900715,0.776149458
fb,DeBERTa,joint,zero-shot,0.323795267,0.323506611,0.272196023,0.373398616,0.2975,0.29749175,0.2525,0.3425,0.61076677,0.613658917,0.531765337,0.693077422
fb,Flan-T5,clinton,zero-shot,0.200595659,0.200710922,0.159052229,0.243233957,0.23,0.22991725,0.19,0.2725,0.177877358,0.178944641,0.136028647,0.224829426
fb,Flan-T5,trump,zero-shot,0.257439057,0.258074354,0.207688958,0.309367231,0.345,0.34504675,0.2975,0.39,0.809991031,0.81102716,0.788057003,0.834721069
fb,Flan-T5,joint,zero-shot,0.018568376,0.019009782,0.00747562,0.033643653,0.045,0.045008,0.025,0.0675,0.015345305,0.016367239,0.004974571,0.033183727
fb,Mistral-7B,clinton,zero-shot,0.6656543,0.666576228,0.620758481,0.711011566,0.655,0.65566625,0.6075,0.7025,0.701448759,0.703918724,0.658745827,0.747591669
fb,Mistral-7B,trump,zero-shot,0.538848547,0.539105113,0.487331805,0.589640972,0.51,0.51009475,0.4624375,0.5575,0.818128855,0.819156123,0.772381712,0.861898403
fb,Mistral-7B,joint,zero-shot,0.389422732,0.389470027,0.338889031,0.440170737,0.35,0.3500455,0.305,0.395,0.706322041,0.710065685,0.639808541,0.776589733
fb,Gemma-7B,clinton,zero-shot,0.727398964,0.727251529,0.684533152,0.770090003,0.7125,0.712414,0.6675,0.7575,0.744376316,0.745587166,0.70126291,0.789334162
fb,Gemma-7B,trump,zero-shot,0.603864277,0.603615098,0.555155497,0.651269162,0.5525,0.5521575,0.5025,0.6000625,0.84649219,0.847386075,0.807501817,0.88409874
fb,Gemma-7B,joint,zero-shot,0.493267814,0.493386945,0.44272795,0.545397863,0.435,0.43540825,0.3875,0.485,0.701623239,0.705232915,0.642435469,0.763599876
fb,Llama3-8B,clinton,zero-shot,0.780539997,0.780768244,0.741252256,0.81967225,0.7725,0.77262525,0.7325,0.8125,0.811193189,0.812604775,0.776883657,0.84658049
fb,Llama3-8B,trump,zero-shot,0.70055624,0.700571989,0.657587492,0.742103669,0.665,0.664822,0.6175,0.7125,0.830294994,0.831007213,0.795426552,0.863299391
fb,Llama3-8B,joint,zero-shot,0.593996361,0.594472533,0.547169547,0.641397362,0.5425,0.5426005,0.495,0.5900625,0.750827864,0.754002883,0.705430657,0.799538159
fb,Llama3-70B,clinton,zero-shot,0.785882038,0.785779544,0.745477976,0.824459003,0.7825,0.78222575,0.7425,0.8225,0.815762108,0.817006237,0.781339692,0.850041843
fb,Llama3-70B,trump,zero-shot,0.776384521,0.776638955,0.735872198,0.81488331,0.765,0.764884,0.7225,0.805,0.848465767,0.849750897,0.822060879,0.875338186
fb,Llama3-70B,joint,zero-shot,0.656926143,0.657480387,0.609632444,0.704045232,0.635,0.63462125,0.5875,0.6825,0.758719784,0.762048086,0.717055605,0.804036066
fb,Gemini-1.5,clinton,zero-shot,0.872239426,0.872453403,0.839257626,0.903906227,0.87,0.87012425,0.8375,0.9025,0.880563919,0.88162956,0.850964047,0.910506189
fb,Gemini-1.5,trump,zero-shot,0.897995115,0.898146615,0.869087044,0.926131872,0.895,0.89504925,0.865,0.925,0.9084478,0.909398351,0.884270228,0.933376093
fb,Gemini-1.5,joint,zero-shot,0.797836963,0.798652524,0.758793053,0.837083304,0.7925,0.79257675,0.7525,0.8325,0.818975696,0.822614327,0.784903095,0.858016329
fb,GPT-4o,clinton,zero-shot,0.910056372,0.909826467,0.88185774,0.937476512,0.91,0.90980925,0.8825,0.9375,0.911226353,0.911667815,0.884054808,0.93829444
fb,GPT-4o,trump,zero-shot,0.904384146,0.904131579,0.873160299,0.933050284,0.9075,0.907459,0.8775,0.935,0.907579167,0.908138508,0.879368994,0.935283644
fb,GPT-4o,joint,zero-shot,0.834543196,0.833915563,0.796133603,0.870150638,0.835,0.83465875,0.7975,0.87,0.847040691,0.848780383,0.813187775,0.881735793
fb,Flan-T5,clinton,one-shot,0.243146417,0.243970411,0.198919387,0.29204936,0.325,0.325275,0.28,0.3725,0.194860406,0.196312369,0.153845993,0.242565164
fb,Flan-T5,trump,one-shot,0.33187596,0.332049482,0.276642156,0.388677857,0.385,0.3848985,0.3375,0.4325,0.821683824,0.82263304,0.799087574,0.847016433
fb,Flan-T5,joint,one-shot,0.022477218,0.02294394,0.009554295,0.039695831,0.0475,0.04762925,0.0275,0.07,0.018197993,0.019282979,0.006590643,0.03675196
fb,Mistral-7B,clinton,one-shot,0.665314974,0.66571756,0.620168509,0.710515107,0.655,0.655202,0.6075,0.7025,0.705733087,0.707369279,0.660817606,0.750401366
fb,Mistral-7B,trump,one-shot,0.586064883,0.585880476,0.535651371,0.633456268,0.56,0.5597715,0.5125,0.6075,0.774971595,0.775651085,0.726109994,0.822971379
fb,Mistral-7B,joint,one-shot,0.420734345,0.421027518,0.369693871,0.471370175,0.3825,0.382585,0.335,0.43,0.665091056,0.668474742,0.603688604,0.730813595
fb,Gemma-7B,clinton,one-shot,0.811279623,0.810840016,0.769746467,0.849670153,0.8125,0.8123755,0.7725,0.85,0.819473333,0.820447896,0.780845123,0.858365271
fb,Gemma-7B,trump,one-shot,0.765013188,0.764844709,0.725563802,0.802157689,0.73,0.72965825,0.685,0.7725,0.833063256,0.833828359,0.793179704,0.871926518
fb,Gemma-7B,joint,one-shot,0.655658282,0.655401485,0.608343512,0.701187881,0.6275,0.62769,0.58,0.675,0.723677944,0.726954041,0.677392363,0.773677979
fb,Llama3-8B,clinton,one-shot,0.777584598,0.777671847,0.737461325,0.817373614,0.77,0.769874,0.7275,0.81,0.811672507,0.812884873,0.777583009,0.846713969
fb,Llama3-8B,trump,one-shot,0.531967525,0.53211901,0.479757146,0.58418379,0.495,0.49517975,0.445,0.545,0.859011961,0.859745141,0.82731404,0.889016749
fb,Llama3-8B,joint,one-shot,0.449442389,0.449678099,0.396344746,0.500969949,0.41,0.4100175,0.3625,0.46,0.774160053,0.777254841,0.713224006,0.834608845
fb,Llama3-70B,clinton,one-shot,0.815237762,0.815537912,0.778426272,0.852338111,0.8125,0.81267325,0.775,0.85,0.838769018,0.840151463,0.807867212,0.871533363
fb,Llama3-70B,trump,one-shot,0.807569616,0.807845273,0.770952755,0.844142608,0.7975,0.79748775,0.7575,0.8375,0.869807185,0.870774073,0.847632085,0.892191493
fb,Llama3-70B,joint,one-shot,0.691036236,0.692296899,0.644957537,0.737432096,0.6775,0.67770575,0.6325,0.7225,0.786273054,0.789861409,0.753253941,0.823997879
fb,Gemini-1.5,clinton,one-shot,0.862489696,0.862684977,0.828808309,0.894549405,0.86,0.8600915,0.825,0.8925,0.877272138,0.878302307,0.848274279,0.905454952
fb,Gemini-1.5,trump,one-shot,0.880908741,0.880856608,0.848997444,0.910938465,0.8775,0.8773485,0.845,0.9075,0.893526221,0.894396036,0.866720656,0.920008247
fb,Gemini-1.5,joint,one-shot,0.76928246,0.770070791,0.727772876,0.81090682,0.765,0.76516975,0.7225,0.8075,0.799579621,0.8034007,0.764215243,0.839779704
fb,GPT-4o,clinton,one-shot,0.910137205,0.910113466,0.880639968,0.937313799,0.91,0.910026,0.88,0.9375,0.911835215,0.912469953,0.88430646,0.938371567
fb,GPT-4o,trump,one-shot,0.909142857,0.908829999,0.877738601,0.937641968,0.9125,0.9124025,0.885,0.94,0.91278518,0.913267068,0.884429743,0.939752009
fb,GPT-4o,joint,one-shot,0.836086654,0.835973623,0.797410167,0.872840755,0.8375,0.83773975,0.8,0.8725,0.845726891,0.848144243,0.811756085,0.882468413
fb,BERT,clinton,10,0.382928802,0.382935274,0.335164005,0.431776379,0.3975,0.397353,0.35,0.445,0.410400705,0.411561291,0.355028411,0.471302135
fb,BERT,trump,10,0.468329069,0.468389565,0.419492609,0.517166699,0.4675,0.467427,0.4175,0.515,0.491172796,0.492238839,0.435097982,0.553345673
fb,BERT,joint,10,0.144437274,0.14448961,0.109909971,0.181958631,0.16,0.1599625,0.125,0.1975,0.161415276,0.162486685,0.118446742,0.210886992
fb,BERT,clinton,100,0.417303819,0.417241574,0.365726876,0.467498344,0.44,0.44001575,0.39,0.4875,0.535515134,0.536503509,0.465317507,0.607928522
fb,BERT,trump,100,0.518459215,0.518811142,0.459167963,0.576470588,0.655,0.6550825,0.6075,0.7,0.429025,0.429692499,0.36905625,0.49
fb,BERT,joint,100,0.221633406,0.221652881,0.180486445,0.264977858,0.31,0.3098,0.265,0.355,0.199587766,0.20060777,0.156079789,0.251171008
fb,BERT,clinton,1000,0.834372758,0.833926247,0.795730337,0.870171826,0.8375,0.83722375,0.8,0.8725,0.834881558,0.835692282,0.798057231,0.871572322
fb,BERT,trump,1000,0.81721564,0.816996588,0.775660302,0.856089517,0.825,0.824825,0.7875,0.86,0.813415179,0.814553654,0.770881298,0.855809461
fb,BERT,joint,1000,0.699611318,0.699014853,0.651251074,0.744815482,0.7175,0.71694975,0.6725,0.76,0.686267949,0.688388286,0.637028559,0.738002488
fb,BERT,clinton,all,0.852298137,0.852249398,0.815903911,0.88705617,0.855,0.85504525,0.82,0.8875,0.852219512,0.853345722,0.817133807,0.88771429
fb,BERT,trump,all,0.844862848,0.844484842,0.807949593,0.879797872,0.845,0.8445865,0.8075,0.88,0.845559623,0.84643696,0.809038989,0.882669154
fb,BERT,joint,all,0.73151047,0.731582006,0.68569963,0.775747524,0.7425,0.74248,0.6975,0.785,0.72612824,0.729120712,0.680073496,0.77552917
fb,SBERT,clinton,10,0.436184834,0.436173254,0.378742499,0.49398928,0.5825,0.58225625,0.5325,0.63,0.348617424,0.348922195,0.293248731,0.406683544
fb,SBERT,trump,10,0.522995455,0.523456701,0.464130435,0.584325279,0.655,0.65517325,0.6075,0.7025,0.677035176,0.587900919,0.3844,0.712144072
fb,SBERT,joint,10,0.149655172,0.150031694,0.112743539,0.189684601,0.31,0.30987225,0.265,0.355,0.098636364,0.099107941,0.071771238,0.129346734
fb,SBERT,clinton,100,0.348200356,0.348375631,0.294390108,0.402026175,0.4175,0.41760725,0.37,0.4650625,0.652271429,0.652893434,0.590494005,0.706799794
fb,SBERT,trump,100,0.518459215,0.518647216,0.459167963,0.576470588,0.655,0.65495425,0.6075,0.7,0.429025,0.429521967,0.36905625,0.49
fb,SBERT,joint,100,0.257773274,0.257906986,0.212785641,0.304714121,0.355,0.35508625,0.31,0.4025,0.318885714,0.320027945,0.262863499,0.378111558
fb,SBERT,clinton,1000,0.83893587,0.838709307,0.801044356,0.87454653,0.84,0.839897,0.8025,0.875,0.84084964,0.841873003,0.804285894,0.877162779
fb,SBERT,trump,1000,0.832404178,0.832252536,0.792199713,0.870434481,0.84,0.840012,0.8025,0.875,0.837966562,0.839264418,0.798993694,0.876519177
fb,SBERT,joint,1000,0.720908937,0.720686392,0.674092833,0.767667975,0.7425,0.74239825,0.7,0.785,0.71754459,0.720369888,0.670448446,0.769972478
fb,SBERT,clinton,all,0.85393908,0.853841462,0.817688025,0.888198664,0.855,0.85497925,0.82,0.89,0.855426234,0.856476031,0.820916172,0.890199025
fb,SBERT,trump,all,0.842667463,0.842766107,0.806072735,0.877912006,0.8425,0.8425945,0.805,0.8775,0.845311666,0.84667759,0.809783929,0.881930335
fb,SBERT,joint,all,0.744504319,0.744888311,0.69899301,0.787738312,0.755,0.75512025,0.71,0.7975,0.744281919,0.747315263,0.700106364,0.791876933
fb,DeBERTa,clinton,10,0.44088697,0.440902466,0.381596434,0.499512195,0.5925,0.5922585,0.5425,0.64,0.35105625,0.351390769,0.29430625,0.4096
fb,DeBERTa,trump,10,0.489774488,0.490189678,0.434056573,0.545682952,0.5725,0.57272325,0.525,0.62,0.427954678,0.428963446,0.369652261,0.489760299
fb,DeBERTa,joint,10,0.147059335,0.147486098,0.111745855,0.18606308,0.2775,0.27747225,0.2349375,0.3225,0.1000955,0.100674204,0.073384629,0.131426165
fb,DeBERTa,clinton,100,0.530608398,0.530499381,0.48079977,0.581157197,0.56,0.5598245,0.5125,0.6075,0.581875,0.582771113,0.524475858,0.641661928
fb,DeBERTa,trump,100,0.518459215,0.518774973,0.459167963,0.579743025,0.655,0.65504825,0.6075,0.7025,0.429025,0.429664271,0.36905625,0.49350625
fb,DeBERTa,joint,100,0.292737359,0.293094631,0.246336231,0.342339694,0.4025,0.4023715,0.355,0.45,0.239246074,0.240314929,0.196209633,0.288081094
fb,DeBERTa,clinton,1000,0.819859973,0.820114617,0.780893038,0.857242846,0.8225,0.822837,0.785,0.86,0.81954024,0.821097887,0.782094598,0.858108761
fb,DeBERTa,trump,1000,0.864964936,0.865128856,0.830651294,0.897385287,0.865,0.865193,0.8325,0.8975,0.865152623,0.866433817,0.831347808,0.89905793
fb,DeBERTa,joint,1000,0.714154831,0.714226641,0.66709765,0.760495584,0.73,0.72993175,0.685,0.7725625,0.706829818,0.709799795,0.660153915,0.758209795
fb,DeBERTa,clinton,all,0.84766066,0.847516647,0.811477992,0.882969792,0.85,0.84996725,0.815,0.885,0.847577685,0.848631621,0.812037855,0.884152458
fb,DeBERTa,trump,all,0.859961763,0.85970376,0.824321076,0.893561037,0.86,0.85976775,0.825,0.8925,0.866998188,0.867958802,0.834486623,0.899390565
fb,DeBERTa,joint,all,0.740250894,0.740637401,0.696828274,0.783838759,0.75,0.75018725,0.7075,0.7925,0.736573072,0.739544918,0.693986599,0.783828781
fb,Flan-T5,clinton,10,0.44088697,0.440779011,0.384498382,0.499512195,0.5925,0.59216175,0.545,0.64,0.35105625,0.351263928,0.297025,0.4096
fb,Flan-T5,trump,10,0.518459215,0.518383561,0.459167963,0.576470588,0.655,0.6547415,0.6075,0.7,0.429025,0.429257728,0.36905625,0.49
fb,Flan-T5,joint,10,0.150912548,0.151317915,0.11480315,0.190588235,0.315,0.31492,0.27,0.36,0.099225,0.099711964,0.0729,0.1296
fb,Flan-T5,clinton,100,0.369160056,0.369053391,0.320650976,0.416901425,0.3925,0.392293,0.345,0.44,0.438310306,0.439235461,0.377607011,0.5021919
fb,Flan-T5,trump,100,0.518459215,0.518990951,0.459167963,0.576470588,0.655,0.655221,0.6075,0.7,0.429025,0.429883285,0.36905625,0.49
fb,Flan-T5,joint,100,0.217506562,0.218048942,0.178695988,0.259343092,0.2975,0.29766125,0.2525,0.3425,0.186268248,0.187641741,0.14893866,0.230324233
fb,Flan-T5,clinton,1000,0.62197546,0.621213462,0.565272488,0.675111968,0.685,0.6844475,0.6375,0.73,0.637249698,0.637585103,0.581594577,0.691625316
fb,Flan-T5,trump,1000,0.687113979,0.686822818,0.635704383,0.73599899,0.7275,0.727173,0.6825,0.77,0.65218391,0.652800634,0.59710651,0.707837553
fb,Flan-T5,joint,1000,0.455677062,0.4560197,0.403065041,0.508381947,0.5225,0.522653,0.4725,0.57,0.461092627,0.463079852,0.406277406,0.519930418
fb,Flan-T5,clinton,all,0.751571721,0.75140226,0.703243194,0.798638693,0.78,0.7802005,0.7375,0.82,0.772527213,0.773993881,0.717909024,0.822462292
fb,Flan-T5,trump,all,0.748810848,0.748810299,0.702196737,0.795048269,0.7875,0.7872915,0.7475,0.8275,0.714732143,0.715507008,0.661681022,0.768204671
fb,Flan-T5,joint,all,0.581543462,0.581625774,0.528177796,0.635498107,0.64,0.64005375,0.5925,0.6875,0.563832703,0.566210529,0.50663606,0.624840588
fb,Mistral-7B,clinton,10,0.198189681,0.19831277,0.154985603,0.243313743,0.2325,0.232513,0.1925,0.275,0.388398594,0.389899999,0.282867566,0.497324563
fb,Mistral-7B,trump,10,0.454109704,0.454338102,0.40560346,0.502915806,0.43,0.43020525,0.3825,0.4775,0.507572734,0.50899942,0.448645418,0.569620753
fb,Mistral-7B,joint,10,0.081343442,0.081398823,0.05385858,0.112264589,0.0875,0.0874565,0.06,0.115,0.125377038,0.126269372,0.070464068,0.191163074
fb,Mistral-7B,clinton,100,0.503191985,0.503028738,0.453967823,0.552275158,0.4875,0.487204,0.4375,0.535,0.548874287,0.550050827,0.495809429,0.604827755
fb,Mistral-7B,trump,100,0.560728987,0.560523519,0.505029052,0.615537735,0.605,0.60473625,0.555,0.6525,0.566618478,0.567907134,0.502892666,0.632126987
fb,Mistral-7B,joint,100,0.260028532,0.260519255,0.217704324,0.305434373,0.2875,0.287519,0.2425,0.3325,0.242914837,0.245091385,0.201147506,0.291843866
fb,Mistral-7B,clinton,1000,0.734441608,0.734906353,0.690811025,0.777857364,0.7325,0.7328465,0.69,0.7775,0.74090456,0.742824344,0.698370094,0.78596978
fb,Mistral-7B,trump,1000,0.730234672,0.73015628,0.685099533,0.773909576,0.73,0.72988775,0.685,0.7725,0.73151256,0.733002072,0.685893007,0.779144266
fb,Mistral-7B,joint,1000,0.560059799,0.560329067,0.511605802,0.609481752,0.56,0.56016125,0.5125,0.6075,0.56649059,0.57010701,0.518750466,0.621520526
fb,Mistral-7B,clinton,all,0.76723995,0.767063841,0.72321911,0.808843093,0.77,0.769896,0.7275,0.8125,0.766491044,0.767857034,0.723858495,0.809894678
fb,Mistral-7B,trump,all,0.771472564,0.77121234,0.728518264,0.813723747,0.7725,0.77228025,0.73,0.8125625,0.77172681,0.77295458,0.729166075,0.81645215
fb,Mistral-7B,joint,all,0.608831835,0.608917615,0.560031723,0.657119989,0.6075,0.6077035,0.56,0.655,0.614935585,0.619010823,0.567870704,0.66895899
fb,Gemma-7B,clinton,10,0.344942589,0.344881438,0.294480558,0.395160401,0.2775,0.2777285,0.235,0.3225,0.49456992,0.49602189,0.421962201,0.570181255
fb,Gemma-7B,trump,10,0.419248107,0.419526801,0.36844626,0.47137414,0.365,0.36548725,0.32,0.4125,0.494359895,0.496303425,0.432266329,0.561791737
fb,Gemma-7B,joint,10,0.15087314,0.150934501,0.114069525,0.190200998,0.1325,0.1327115,0.1,0.1675,0.209674836,0.211661468,0.14889089,0.281017424
fb,Gemma-7B,clinton,100,0.45779375,0.458279483,0.408058938,0.507258075,0.4225,0.423099,0.375,0.47,0.519378007,0.521207188,0.462508185,0.579972964
fb,Gemma-7B,trump,100,0.486688546,0.486931331,0.434080537,0.541306412,0.515,0.51499,0.4675,0.565,0.473684846,0.475118717,0.413877309,0.53805232
fb,Gemma-7B,joint,100,0.229550792,0.229565172,0.187933756,0.273460784,0.2325,0.23226325,0.19,0.275,0.233555762,0.235203763,0.188198377,0.286419123
fb,Gemma-7B,clinton,1000,0.742319504,0.742191757,0.697491219,0.784767885,0.7425,0.742353,0.6975,0.785,0.743036344,0.74439261,0.699370183,0.788188918
fb,Gemma-7B,trump,1000,0.742685053,0.742575205,0.695752359,0.787384397,0.755,0.755113,0.7125,0.7975,0.73710572,0.738596833,0.689457721,0.784989678
fb,Gemma-7B,joint,1000,0.575309115,0.574670911,0.524552441,0.623576308,0.585,0.5845515,0.535,0.6325,0.572249963,0.575537671,0.522141578,0.626951226
fb,Gemma-7B,clinton,all,0.769797047,0.769426697,0.726880309,0.810177463,0.7725,0.772197,0.73,0.8125,0.768517746,0.769687898,0.726771219,0.810970528
fb,Gemma-7B,trump,all,0.778603484,0.778759217,0.735189321,0.821881086,0.79,0.79030125,0.75,0.83,0.777877116,0.77967359,0.735819227,0.823283162
fb,Gemma-7B,joint,all,0.618128307,0.618489614,0.568604972,0.667301771,0.6325,0.6330435,0.585,0.68,0.61110599,0.614918274,0.562144991,0.668468692
fb,Llama3-8B,clinton,10,0.451300176,0.451282606,0.402041091,0.500535694,0.4475,0.44746525,0.4,0.495,0.459030575,0.460476502,0.406438988,0.515001677
fb,Llama3-8B,trump,10,0.400689542,0.400944231,0.350540758,0.451928224,0.405,0.4052045,0.3575,0.4525,0.438691943,0.439821913,0.368505384,0.516123616
fb,Llama3-8B,joint,10,0.12491684,0.124898359,0.09233911,0.159917365,0.1575,0.157489,0.1225,0.1925,0.149114639,0.15030593,0.088966396,0.223718799
fb,Llama3-8B,clinton,100,0.523112892,0.523238144,0.474649958,0.571178066,0.4975,0.4974275,0.4475,0.5475,0.604851908,0.60626767,0.550094946,0.661289269
fb,Llama3-8B,trump,100,0.539101816,0.539357969,0.482321812,0.595391047,0.6175,0.61758825,0.57,0.665,0.554391071,0.555812166,0.452821888,0.65704124
fb,Llama3-8B,joint,100,0.299579703,0.299858992,0.254247235,0.347761937,0.335,0.334985,0.29,0.3825,0.281502998,0.283879182,0.235563549,0.335268906
fb,Llama3-8B,clinton,1000,0.790207443,0.790360603,0.749298509,0.829767658,0.79,0.7901445,0.75,0.83,0.790512092,0.792009471,0.750889984,0.831110765
fb,Llama3-8B,trump,1000,0.803542442,0.803178559,0.761517007,0.8432064,0.81,0.8098525,0.77,0.8475,0.804744707,0.805841584,0.764302952,0.845913445
fb,Llama3-8B,joint,1000,0.66413653,0.664367522,0.617719605,0.712006954,0.6675,0.667746,0.6225,0.715,0.66887528,0.672110292,0.62418972,0.721290781
fb,Llama3-8B,clinton,all,0.825498466,0.825514177,0.786054383,0.862550997,0.8275,0.82757875,0.79,0.865,0.825604852,0.826881903,0.787195598,0.86388292
fb,Llama3-8B,trump,all,0.829987512,0.829812125,0.790513174,0.867710628,0.835,0.83501975,0.7975,0.87,0.830338766,0.831476154,0.792514051,0.869249109
fb,Llama3-8B,joint,all,0.68971996,0.68972052,0.643731179,0.735581719,0.6975,0.6976015,0.6525,0.7425,0.687640997,0.690901877,0.642590543,0.738527598
fb,Llama3-70B,clinton,10,0.470846927,0.471088964,0.414968606,0.527594535,0.54,0.54023275,0.4925,0.5875,0.48375608,0.485269809,0.412586117,0.5605807
fb,Llama3-70B,trump,10,0.526984998,0.527187876,0.469519104,0.585031829,0.6275,0.62761375,0.58,0.6725,0.484633225,0.48589238,0.418197754,0.553926757
fb,Llama3-70B,joint,10,0.152403312,0.153003847,0.116762985,0.191582039,0.27,0.27005475,0.2275,0.3125,0.106923848,0.108026214,0.079528378,0.139376857
fb,Llama3-70B,clinton,100,0.512464132,0.512581871,0.462628988,0.562153931,0.4975,0.49751475,0.4475,0.545,0.612092724,0.613686087,0.555285674,0.66904857
fb,Llama3-70B,trump,100,0.523187332,0.523734968,0.467225927,0.581890638,0.6325,0.63277825,0.5874375,0.68,0.447710561,0.448841876,0.389093487,0.510973289
fb,Llama3-70B,joint,100,0.347445907,0.347692611,0.29971794,0.396904677,0.4,0.39980475,0.3525,0.4475,0.326446269,0.328298327,0.27686343,0.382138859
fb,Llama3-70B,clinton,1000,0.788910095,0.788847428,0.748162507,0.827601937,0.79,0.78995725,0.75,0.8275,0.78833308,0.789705776,0.74880406,0.829061013
fb,Llama3-70B,trump,1000,0.797181798,0.797226613,0.755318153,0.838311866,0.8075,0.80779725,0.77,0.845,0.801150192,0.802798834,0.762058294,0.842412873
fb,Llama3-70B,joint,1000,0.637907546,0.638043324,0.590344813,0.686158148,0.65,0.650261,0.605,0.6975,0.635720156,0.639154897,0.588507403,0.689313585
fb,Llama3-70B,clinton,all,0.823501839,0.823623184,0.784349123,0.860964325,0.825,0.82513475,0.7875,0.8625,0.823311988,0.82471195,0.785315401,0.861732467
fb,Llama3-70B,trump,all,0.837227078,0.837373326,0.79793544,0.87495873,0.845,0.84530725,0.81,0.88,0.841075008,0.842514447,0.80433045,0.878998243
fb,Llama3-70B,joint,all,0.692906034,0.692848986,0.645346438,0.739127012,0.7025,0.7029425,0.6575,0.7475,0.701648164,0.704246731,0.652579005,0.753344346
semeval,GPT3-Ada,target,zero-shot,0.256548843,0.256064652,0.203768386,0.311359897,0.227138643,0.227026844,0.182890855,0.271386431,0.728765246,0.729322409,0.608076229,0.798887235
semeval,GPT3-Ada,stance,zero-shot,0.04136631,0.041413866,0.015795681,0.071092926,0.02359882,0.023769322,0.008849558,0.041297935,0.461946903,0.462196749,0.1943412,0.61606802
semeval,GPT3-Ada,joint,zero-shot,0,0,0,0,0,0,0,0,0,0,0,0
semeval,GPT3-Davinci,target,zero-shot,0.746929573,0.746511188,0.701150565,0.788189485,0.643067847,0.642965782,0.589970501,0.693215339,0.89349004,0.894270245,0.859746502,0.926987458
semeval,GPT3-Davinci,stance,zero-shot,0.699057628,0.699174467,0.650657799,0.747943629,0.699115044,0.699128024,0.651917404,0.749262537,0.720594756,0.722420015,0.674195647,0.770039448
semeval,GPT3-Davinci,joint,zero-shot,0.4942075,0.494447432,0.441171098,0.54916225,0.480825959,0.480956637,0.427728614,0.533923304,0.578731607,0.581062965,0.498605958,0.687902463
semeval,GPT3-Ada,target,one-shot,0.05852899,0.058259128,0.029463197,0.090737405,0.03539823,0.035412094,0.017699115,0.056047198,0.720747296,0.505511261,0.087610396,0.782260277
semeval,GPT3-Ada,stance,one-shot,0.105014749,0.104277771,0.066200689,0.145164242,0.061946903,0.061707965,0.038348083,0.088495575,0.344579646,0.344626301,0.243887906,0.447568647
semeval,GPT3-Ada,joint,one-shot,0.029320273,0.029257334,0.009481871,0.05215579,0.020648968,0.020712389,0.005899705,0.038348083,0.379960034,0.254018599,0.015285205,0.430069458
semeval,GPT3-Davinci,target,one-shot,0.766973763,0.766700996,0.723980264,0.806891541,0.657817109,0.65820944,0.607669617,0.707964602,0.919982324,0.920206582,0.885650803,0.952519662
semeval,GPT3-Davinci,stance,one-shot,0.680038703,0.680125591,0.628364931,0.730214163,0.681415929,0.681378466,0.631268437,0.731563422,0.695823402,0.697920818,0.648046912,0.747405621
semeval,GPT3-Davinci,joint,one-shot,0.536355244,0.536067715,0.479712568,0.59141527,0.501474926,0.501539823,0.448377581,0.554572271,0.663280518,0.667463725,0.586968554,0.745126151
semeval,GPT3-Ada,target,10,0.807667512,0.807869122,0.76626081,0.848578778,0.805309735,0.805512684,0.764011799,0.84660767,0.833317125,0.834401645,0.797701534,0.868287538
semeval,GPT3-Ada,stance,10,0.442621516,0.442865701,0.38871734,0.498841803,0.498525074,0.498489086,0.445427729,0.551622419,0.427111736,0.428341727,0.36708287,0.494063706
semeval,GPT3-Ada,joint,10,0.296756229,0.297070196,0.244909361,0.350259126,0.407079646,0.406716519,0.353982301,0.460176991,0.245866965,0.246748143,0.195469367,0.300930353
semeval,GPT3-Ada,target,100,0.817014119,0.816844622,0.773452876,0.858137379,0.817109145,0.8170059,0.775811209,0.85840708,0.823148803,0.823945166,0.78137784,0.863307272
semeval,GPT3-Ada,stance,100,0.584393027,0.584048273,0.529615582,0.638597676,0.592920354,0.592648083,0.539823009,0.646017699,0.582508661,0.584386949,0.529371196,0.639191949
semeval,GPT3-Ada,joint,100,0.455116532,0.454963081,0.39884508,0.513007324,0.480825959,0.480763717,0.427728614,0.536873156,0.46859058,0.472628088,0.411583815,0.535289501
semeval,GPT3-Ada,target,all,0.8820059,0.882014186,0.846107727,0.914622789,0.8820059,0.882019469,0.84660767,0.914454277,0.8820059,0.882635492,0.846377913,0.915377081
semeval,GPT3-Ada,stance,all,0.725938518,0.725926533,0.676588023,0.772147201,0.728613569,0.728655457,0.681415929,0.772935103,0.727518226,0.729342148,0.680114535,0.775469171
semeval,GPT3-Ada,joint,all,0.65238158,0.652659567,0.600876113,0.70317012,0.651917404,0.652206195,0.601769912,0.702064897,0.662075846,0.666366525,0.615130943,0.716332131
semeval,GPT3-Davinci,target,10,0.780066705,0.780335131,0.735008793,0.824286536,0.761061947,0.761423009,0.713864307,0.808259587,0.800428769,0.80173227,0.755795106,0.845292981
semeval,GPT3-Davinci,stance,10,0.42995106,0.430275627,0.377103327,0.484295871,0.466076696,0.46610354,0.412979351,0.519174041,0.448199037,0.449782833,0.385885657,0.515280635
semeval,GPT3-Davinci,joint,10,0.304439555,0.304850826,0.25375956,0.359006839,0.353982301,0.353865487,0.303834808,0.407079646,0.383725679,0.379830153,0.242422716,0.48384656
semeval,GPT3-Davinci,target,100,0.844307743,0.844112395,0.804483741,0.881658276,0.843657817,0.843466372,0.805235988,0.8820059,0.845618142,0.846223473,0.806327687,0.884154155
semeval,GPT3-Davinci,stance,100,0.687157835,0.686723223,0.636132837,0.735326308,0.687315634,0.686878761,0.637168142,0.734513274,0.68820528,0.689707053,0.638968494,0.738690974
semeval,GPT3-Davinci,joint,100,0.611063618,0.610641636,0.556721145,0.662068148,0.607669617,0.607222124,0.554572271,0.657817109,0.628360595,0.631907202,0.577563195,0.684367774
semeval,GPT3-Davinci,target,all,0.885448574,0.885708686,0.852358805,0.917948999,0.884955752,0.8852059,0.852433628,0.91740413,0.887815424,0.888654035,0.855285785,0.920797861
semeval,GPT3-Davinci,stance,all,0.758731846,0.758864411,0.713982673,0.802988776,0.758112094,0.758185251,0.713864307,0.802359882,0.762751425,0.764500319,0.719652567,0.808408024
semeval,GPT3-Davinci,joint,all,0.692903706,0.692585817,0.642239048,0.740982651,0.693215339,0.692811799,0.643067847,0.740412979,0.697914702,0.701251854,0.650603245,0.749621792
fb,GPT3-Ada,clinton,zero-shot,0.052542373,0.052351247,0.028107937,0.078644633,0.0375,0.03746125,0.02,0.0575,0.087735849,0.088264469,0.047691489,0.135790211
fb,GPT3-Ada,trump,zero-shot,0.110197731,0.110783746,0.080349701,0.144384982,0.245,0.24526275,0.2025,0.2875,0.076254257,0.077152225,0.05327174,0.104705716
fb,GPT3-Ada,joint,zero-shot,0.001102941,0.001125424,0,0.004179135,0.0025,0.0024655,0,0.0075,0.000707547,0.000742142,0,0.002826189
fb,GPT3-Davinci,clinton,zero-shot,0.723030982,0.7234393,0.67909852,0.766189921,0.72,0.720164,0.675,0.7625,0.78842587,0.789563843,0.754113975,0.822489309
fb,GPT3-Davinci,trump,zero-shot,0.769966669,0.770369833,0.730472837,0.80884436,0.755,0.7550645,0.7125,0.7975,0.839549107,0.840819162,0.809203356,0.86972933
fb,GPT3-Davinci,joint,zero-shot,0.605430509,0.605636321,0.558579436,0.652139742,0.555,0.5549555,0.5075,0.6025,0.733637807,0.736924779,0.687624527,0.784597682
fb,GPT3-Ada,clinton,one-shot,0.051830011,0.051900496,0.024042451,0.083198742,0.0275,0.02765225,0.0125,0.045,0.457,0.458445396,0.272616071,0.66394375
fb,GPT3-Ada,trump,one-shot,0.074330336,0.074421821,0.04470799,0.106721811,0.0675,0.0676215,0.045,0.0925,0.425784783,0.427941698,0.199288504,0.653537829
fb,GPT3-Ada,joint,one-shot,0,0,0,0,0,0,0,0,0,0,0,0
fb,GPT3-Davinci,clinton,one-shot,0.729364051,0.729148066,0.685643593,0.772501809,0.7275,0.72704575,0.6825,0.77,0.797701843,0.799000047,0.764296983,0.829715022
fb,GPT3-Davinci,trump,one-shot,0.636906578,0.63688496,0.587286276,0.684797857,0.6225,0.622235,0.5749375,0.67,0.827109533,0.828185767,0.798646202,0.854900389
fb,GPT3-Davinci,joint,one-shot,0.50602265,0.505789049,0.455422215,0.55593547,0.4475,0.44709875,0.4,0.4975,0.736159745,0.739317513,0.686889619,0.788521388
fb,GPT3-Ada,clinton,10,0.457959437,0.4583342,0.401678911,0.515639666,0.575,0.575086,0.525,0.6225,0.383382462,0.384665416,0.327874083,0.44282478
fb,GPT3-Ada,trump,10,0.518459215,0.518313262,0.459167963,0.576470588,0.655,0.6546925,0.6075,0.7,0.429025,0.429175192,0.36905625,0.49
fb,GPT3-Ada,joint,10,0.175890205,0.176490861,0.137000772,0.218027221,0.3275,0.3276035,0.2825,0.3725,0.123147965,0.12428051,0.093360628,0.157901915
fb,GPT3-Ada,clinton,100,0.7100263,0.709751482,0.659144367,0.759904349,0.735,0.73496025,0.6925,0.7775,0.737409007,0.738949748,0.69089386,0.784506758
fb,GPT3-Ada,trump,100,0.729603422,0.729627662,0.684359687,0.773093867,0.73,0.72999825,0.6875,0.7725,0.729494671,0.730959368,0.68268736,0.777442132
fb,GPT3-Ada,joint,100,0.546465433,0.546773874,0.495414245,0.596795497,0.5675,0.56767475,0.5175,0.615,0.556944134,0.559827097,0.505553378,0.613785314
fb,GPT3-Ada,clinton,1000,0.838364334,0.838457183,0.801300668,0.874116585,0.84,0.8401565,0.805,0.875,0.837609722,0.838924136,0.80150025,0.874404289
fb,GPT3-Ada,trump,1000,0.81846097,0.818268767,0.777887053,0.856600879,0.82,0.8199065,0.78,0.8575,0.822269762,0.823520897,0.78300089,0.86197238
fb,GPT3-Ada,joint,1000,0.706189751,0.7053716,0.660829903,0.749373471,0.71,0.709472,0.665,0.7525,0.71946582,0.719412921,0.672789972,0.763266669
fb,GPT3-Ada,clinton,all,0.861692179,0.861628263,0.825336541,0.8958784,0.865,0.8651405,0.83,0.8975,0.86621,0.867212202,0.83246862,0.899447999
fb,GPT3-Ada,trump,all,0.818181955,0.818059437,0.779419611,0.855420249,0.8175,0.81732425,0.7799375,0.855,0.818981944,0.820269069,0.780645225,0.858313684
fb,GPT3-Ada,joint,all,0.730549426,0.729693567,0.685561775,0.773133447,0.7325,0.73209725,0.6875,0.775,0.744677997,0.744364412,0.697341658,0.788485888
fb,GPT3-Davinci,clinton,10,0.445887702,0.446125692,0.38852711,0.503716101,0.575,0.57505075,0.525,0.6225,0.368565789,0.36949698,0.312322002,0.427500214
fb,GPT3-Davinci,trump,10,0.513647416,0.51354943,0.455109718,0.57199115,0.645,0.6447795,0.5975,0.69,0.426742424,0.426929881,0.367254408,0.488413098
fb,GPT3-Davinci,joint,10,0.148536873,0.149059005,0.113153234,0.187998688,0.2925,0.292553,0.2475,0.3375,0.100805851,0.101526903,0.073924685,0.13217491
fb,GPT3-Davinci,clinton,100,0.797775803,0.797727092,0.754149214,0.838691751,0.8075,0.8076685,0.7675,0.845,0.809708225,0.811038318,0.770430549,0.848990204
fb,GPT3-Davinci,trump,100,0.836873785,0.836920533,0.798750705,0.872925623,0.8375,0.8376055,0.8,0.8725,0.837734615,0.838963315,0.799547852,0.875871456
fb,GPT3-Davinci,joint,100,0.671561772,0.672059459,0.624224626,0.719286248,0.6925,0.69268675,0.6475,0.7375,0.660866955,0.663708546,0.611989316,0.714243401
fb,GPT3-Davinci,clinton,1000,0.883730767,0.883626527,0.851265919,0.914871492,0.885,0.88502275,0.8549375,0.915,0.885348182,0.886135132,0.854577347,0.916920979
fb,GPT3-Davinci,trump,1000,0.885867323,0.885664678,0.852927563,0.916666875,0.8875,0.88736925,0.855,0.9175,0.885411595,0.886250594,0.853302007,0.917351354
fb,GPT3-Davinci,joint,1000,0.798494191,0.798414883,0.756869342,0.837853483,0.8025,0.80278375,0.7625,0.84,0.801488576,0.804187536,0.760838827,0.844980397
fb,GPT3-Davinci,clinton,all,0.910222871,0.910019015,0.880795328,0.937057691,0.91,0.90980625,0.88,0.9375,0.911974033,0.912541159,0.884094873,0.938327594
fb,GPT3-Davinci,trump,all,0.897568603,0.89753114,0.866417581,0.926126901,0.8975,0.8974705,0.8675,0.925,0.897652586,0.898528823,0.86710559,0.927332205
fb,GPT3-Davinci,joint,all,0.827611853,0.827644309,0.789498929,0.863815062,0.8275,0.82751275,0.79,0.8625,0.831088382,0.834238428,0.796606366,0.870007973